texture_slot,image_path,bytes,sha256
001,images/backgrounds/scarlet_devil_mansion_plaid.jpg,17728,0ed1b4b2e28bff2182bb25d937bec4443dd238eff9a66ac623be71d37078f7e6
002,images/backgrounds/hakugyokurou_cherry_blossoms.jpg,33441,671803e1bde11d7ce9a4915304c7c3c4188ac7b17bddacdafbd83e9e1d28a401
003,images/backgrounds/eientei_moonlit_bamboo.jpg,71023,2c3de2867b7c873c7eff9582229915a084b0012b02048240169230d38c3e036c
004,images/backgrounds/youkai_mountain_autumn.jpg,91595,6364631d882072f0d2b6396011bae925217ad0a47510424ae4afc6ec17299d56
005,images/backgrounds/palace_of_earth_spirits_hall.jpg,46147,41ea0c611b2944220195470d684f60229a8d56aa60f9aa6756336be2555cfb4f
006,images/backgrounds/sage_yukari.jpg,164624,c83a13310570b077c1cf766d027e189640d74002eee2f6b31f9f843f615fdbf6
007,images/backgrounds/sage_matara.png,346853,8128e4df0c71bce97ebdc64e1f1fecdb491d314aa93bd92fa0171e6556bdca46
008,images/backgrounds/sage_kasen.jpg,673291,5ed64116dba441c70484635dc969b942cb09cbb9ada3631b3f8cd33061527507
009,images/backgrounds/sage_ran.png,460208,edec61820604db7d1aa3ed2b351e467de736862bef0dc38b4612de954d534e01
010,images/backgrounds/hakurei_reimu_shrine.png,1007830,9a39a5fffce89e3ff847f7e97a0634df28b80be626d08d83b22215f6017fc063
011,images/backgrounds/hakurei_marisa_forest.png,213226,2d3a932d6ef57a9c5f33b05e31416f54914cf2d7791999542bc3dada61b1b1db
012,images/backgrounds/hell_makai.png,374956,263f74eb6676c097750bff4a093093d1d2d56c75168ef81dc8d6b450954f2ca5
013,images/backgrounds/hell_higan.png,156793,78b8ec4737a75c6301b43d4afd364c2d1990479c990ad546969593968db9bb65
014,images/backgrounds/sunflower_field.png,506363,a8f138fb7a879ae5de6bae48c28664c21b91c58b7d37c1578377ff5dd835a95a
015,images/portraits/hakugyokurou/yuyuko_saigyouji.png,1098446,d4da39de6c06d4f89f98cb85b4935f797a357398c80770329292331f4286a399
016,images/portraits/hakugyokurou/youmu_konpaku.png,750981,2c9ced0e64cd4ec356927987dd4596e9a642f7e27232eb3fc9067944182f5510
017,images/portraits/scarlet_devil_mansion/remilia_scarlet.webp,130048,1934466e93315be3f76e706c1e8b773e3b610e253d2ec4125241090cbc5c84d6
018,images/portraits/scarlet_devil_mansion/izayoi_sakuya.png,278697,f5bffb2cc7367ee6c832a3640ae26c4e37743031155835cf013907e5a87543f9
019,images/portraits/scarlet_devil_mansion/patchouli_knowledge.png,823599,cbacb94f86d38a08b3279ba2e8d4d0ec352e266785fdd096e429e691cc629240
020,images/portraits/scarlet_devil_mansion/flandre_scarlet.png,769447,b79dbbc79841f74adb56047c52194c097daa9015e7b91bfecfab70fe19cbdc2e
021,images/portraits/eientei/fujiwara_no_mokou.webp,198268,6f967c668977492e3100cc2a2714eb5ee81c9303cb14e28bf7532e4db2747ebd
022,images/portraits/eientei/reisen_udongein_inaba.png,211923,2162245cc24742bee0d3cdd44bd2392de7d8c8a8d77c34f487e7a6f5c9852fa0
023,images/portraits/eientei/eirin_yagokoro.png,310678,94c97d64d17b9ecd512fe28f5f731ebe5138e4889d75d53771c6e57994566935
024,images/portraits/eientei/kaguya_houraisan.png,335872,70e6eec64fde2075191f319939319a75ead7d7137b7406395e3656a763d1bdaa
025,images/portraits/youkai_mountain/kanako_yasaka.png,793477,0e00f2e18f3f4a4c00c78505d782b45d84187008078bb2fc8407e2c89c6bd555
026,images/portraits/youkai_mountain/suwako_moriya.png,611636,33bc10ade24b2547ec94f159d3eea9a249daa7560aff091394819c23ffd19677
027,images/portraits/youkai_mountain/sanae_kochiya.png,545662,ede28517b998bfa3ff47d36594dac904f3229385af8aa7f7f609b1f37d79ee0f
028,images/portraits/youkai_mountain/aya_shameimaru.png,629620,5461b47ae1dfd89508ad23be45cb7250972ac03efe11fef121c645ef3c380239
029,images/portraits/palace_of_earth_spirits/satori_komeiji.png,632610,da24d9cffcf177c14cd54b0446642de269371b335f3d7172242489c2899755fe
030,images/portraits/palace_of_earth_spirits/koishi_komeiji.png,801034,0fc4f879accb48f92d279ab037def5671ed4678913923aad9a801a44cea1d95b
031,images/portraits/palace_of_earth_spirits/rin_kaenbyou.png,710418,31fd5514928916c680cdafab663c96d10df0f9dec93ad013823f0d2ebaca0015
032,images/portraits/palace_of_earth_spirits/utsuho_reiuji.png,926849,7e25131fed95fa1f4bfdbbdd51163f48c2772f3cfc1adba212d68124800279a0
033,images/portraits/sage/yukari_yakumo.png,349720,c30703d7f94265daa90a281b8781b4e187c1737ffa7c12f46fd340bdf154293d
034,images/portraits/sage/matara_okina.png,862377,60c9c9db6d2b0b541ed47401d40bb40c1f209551d8971898f35b47c01b95c5e1
035,images/portraits/sage/kasen_ibara.png,364281,ba8bd9dd872cb476334f9bfb0b895d8df4a183b492b7f011e575be237ce37871
036,images/portraits/sage/ran_yakumo.png,540253,0e062c4be7b16022677ffd766a87aeba54a9b1ea2ddfbcf27b71dc20eae43bf8
037,images/portraits/hakurei/hakurei_reimu.png,538720,fe90d788f0b1bbf4c1e76f4fd17c1b3bee1f2b1ceaacb5708a94689b1b79805a
038,images/portraits/hakurei/marisa_kirisame.png,521363,9f651f3d9191318f5d91fb35509bcfad4f45c74349eb27d3cc285d61a34c57f8
039,images/portraits/sunflower_field/yuuka_kazami.png,494462,23e709e59717d69a95b6b5a85b4b06c65ee9c6a80aa4cb07f9b046626304fce3
040,images/portraits/sunflower_field/medicine_melancholy.png,416414,fec3e8885ee069d0bc070663efd029f03f68a360e4e36999247783a6ffe04e56
041,images/portraits/hell/hecatia_lapislazuli.png,101796,3dea6155a13e4fa9ab973385d6b3bdcebf4585b74da409c8539d96f2257f63a7
042,images/portraits/hell/clownpiece.png,42594,a39027e2530e38f2443af17581f78ae21554d65900fe432d63c202d3274e6ae6
043,images/portraits/hell/eiki_shiki.png,30672,1872f02aed8884406754785b60ae4a0c17ad35a251c1e3009b35b4eaae9fabcc
044,images/portraits/hell/komachi_onozuka.png,52510,74cb7c1a657951cbbe1c82316666c6720dd14856693ad7c3fb0fdfca32e99207
045,images/icons/scarlet_devil_mansion.png,8864,0aeb3d0f7be0c64b9c716e37b9260c42a35c861b5eb7a5be1d70be3aa3385c30
046,images/icons/hakugyokurou.png,7369,2005f68dc33b2a92395143cd5f91812daf1bd10f5da670945fc5ca0e13c8d86d
047,images/icons/eientei.png,42156,7eb4f9f13a49049f30adc638335b395eda276f98863731f5b2aab2fab497a9a4
048,images/icons/youkai_mountain.png,19024,fac65b3b9ae12685fb61f6c558a164be50b4384fd18a78699208c7dbc8e55b0b
049,images/icons/palace_of_earth_spirits.png,19581,4895a36f7f266226d8c0411fcbf938908f90081c56e4afc3f64de1884c0f664a
050,images/icons/sage.png,41295,64df90bf2d431a8a3af6291a87188b75779691a035b58a713d76396b1075dd33
051,images/icons/hakurei.png,56101,6ffd7be6608cc8eb34bc2a1401e3f44b056122faa56a1b0f27c31fcddeb5a1cf
052,images/icons/hell.png,23264,e682d40a817c09e7da9087f390d08c25eb1e5a4af673d5b7f9623b83242b334c
053,images/icons/sunflower_field.png,17953,c6bd396e339806da70049c903fc429bbeeb08af97070bd6967f28c9f894eab4c
054,images/portraits/scarlet_devil_mansion/remilia_scarlet.webp,130048,1934466e93315be3f76e706c1e8b773e3b610e253d2ec4125241090cbc5c84d6
055,images/portraits/scarlet_devil_mansion/izayoi_sakuya.png,278697,f5bffb2cc7367ee6c832a3640ae26c4e37743031155835cf013907e5a87543f9
056,images/portraits/scarlet_devil_mansion/patchouli_knowledge.png,823599,cbacb94f86d38a08b3279ba2e8d4d0ec352e266785fdd096e429e691cc629240
057,images/portraits/scarlet_devil_mansion/flandre_scarlet.png,769447,b79dbbc79841f74adb56047c52194c097daa9015e7b91bfecfab70fe19cbdc2e
058,images/portraits/hakugyokurou/yuyuko_saigyouji.png,1098446,d4da39de6c06d4f89f98cb85b4935f797a357398c80770329292331f4286a399
059,images/portraits/hakugyokurou/youmu_konpaku.png,750981,2c9ced0e64cd4ec356927987dd4596e9a642f7e27232eb3fc9067944182f5510
060,images/portraits/eientei/fujiwara_no_mokou.webp,198268,6f967c668977492e3100cc2a2714eb5ee81c9303cb14e28bf7532e4db2747ebd
061,images/portraits/eientei/reisen_udongein_inaba.png,211923,2162245cc24742bee0d3cdd44bd2392de7d8c8a8d77c34f487e7a6f5c9852fa0
062,images/portraits/eientei/eirin_yagokoro.png,310678,94c97d64d17b9ecd512fe28f5f731ebe5138e4889d75d53771c6e57994566935
063,images/portraits/eientei/kaguya_houraisan.png,335872,70e6eec64fde2075191f319939319a75ead7d7137b7406395e3656a763d1bdaa
064,images/portraits/youkai_mountain/kanako_yasaka.png,793477,0e00f2e18f3f4a4c00c78505d782b45d84187008078bb2fc8407e2c89c6bd555
065,images/portraits/youkai_mountain/suwako_moriya.png,611636,33bc10ade24b2547ec94f159d3eea9a249daa7560aff091394819c23ffd19677
066,images/portraits/youkai_mountain/sanae_kochiya.png,545662,ede28517b998bfa3ff47d36594dac904f3229385af8aa7f7f609b1f37d79ee0f
067,images/portraits/youkai_mountain/aya_shameimaru.png,629620,5461b47ae1dfd89508ad23be45cb7250972ac03efe11fef121c645ef3c380239
068,images/portraits/palace_of_earth_spirits/satori_komeiji.png,632610,da24d9cffcf177c14cd54b0446642de269371b335f3d7172242489c2899755fe
069,images/portraits/palace_of_earth_spirits/koishi_komeiji.png,801034,0fc4f879accb48f92d279ab037def5671ed4678913923aad9a801a44cea1d95b
070,images/portraits/palace_of_earth_spirits/rin_kaenbyou.png,710418,31fd5514928916c680cdafab663c96d10df0f9dec93ad013823f0d2ebaca0015
071,images/portraits/palace_of_earth_spirits/utsuho_reiuji.png,926849,7e25131fed95fa1f4bfdbbdd51163f48c2772f3cfc1adba212d68124800279a0
072,images/portraits/sage/yukari_yakumo.png,349720,c30703d7f94265daa90a281b8781b4e187c1737ffa7c12f46fd340bdf154293d
073,images/portraits/sage/matara_okina.png,862377,60c9c9db6d2b0b541ed47401d40bb40c1f209551d8971898f35b47c01b95c5e1
074,images/portraits/sage/kasen_ibara.png,364281,ba8bd9dd872cb476334f9bfb0b895d8df4a183b492b7f011e575be237ce37871
075,images/portraits/sage/ran_yakumo.png,540253,0e062c4be7b16022677ffd766a87aeba54a9b1ea2ddfbcf27b71dc20eae43bf8
076,images/portraits/hakurei/hakurei_reimu.png,538720,fe90d788f0b1bbf4c1e76f4fd17c1b3bee1f2b1ceaacb5708a94689b1b79805a
077,images/portraits/hakurei/marisa_kirisame.png,521363,9f651f3d9191318f5d91fb35509bcfad4f45c74349eb27d3cc285d61a34c57f8
078,images/portraits/sunflower_field/yuuka_kazami.png,494462,23e709e59717d69a95b6b5a85b4b06c65ee9c6a80aa4cb07f9b046626304fce3
079,images/portraits/sunflower_field/medicine_melancholy.png,416414,fec3e8885ee069d0bc070663efd029f03f68a360e4e36999247783a6ffe04e56
080,images/portraits/hell/hecatia_lapislazuli.png,101796,3dea6155a13e4fa9ab973385d6b3bdcebf4585b74da409c8539d96f2257f63a7
081,images/portraits/hell/clownpiece.png,42594,a39027e2530e38f2443af17581f78ae21554d65900fe432d63c202d3274e6ae6
082,images/portraits/hell/eiki_shiki.png,30672,1872f02aed8884406754785b60ae4a0c17ad35a251c1e3009b35b4eaae9fabcc
083,images/portraits/hell/komachi_onozuka.png,52510,74cb7c1a657951cbbe1c82316666c6720dd14856693ad7c3fb0fdfca32e99207
084,images/backgrounds/heaven_floating_stones.png,674099,c4065dc78e4bc5eabb6ce3bb7ff6100c7ba1f7972f5e0820ee5bb7eecc107471
085,images/portraits/heaven/tenshi_hinanawi.png,615616,6df1eac150797c558c3d744b8de6e7d25e90b1f1462227dca8508444b04990f3
086,images/portraits/heaven/iku_nagae.png,301626,a3f0a05b32e2e9e3adb7d6f7145b59eb70818e69150abd89251665e07dcdb26b
087,images/icons/heaven.png,9419,f9fb3bad5e1703ae1bdc6d58ce1ddec63fcb86e0c5ec088ec4a628fae4930430
088,images/portraits/heaven/tenshi_hinanawi.png,615616,6df1eac150797c558c3d744b8de6e7d25e90b1f1462227dca8508444b04990f3
089,images/portraits/heaven/iku_nagae.png,301626,a3f0a05b32e2e9e3adb7d6f7145b59eb70818e69150abd89251665e07dcdb26b
effect,images/effects/yuuka_sunflower_pixel.png,6330,26cb7e73ca1840da37b11658bfc39d72e25c7309247eb11e3594a5350eec5146
090,images/portraits/hell/niwatari_kutaka.png,495133,471389ba3ccbb74d9a3072f97a457b9c0a66a835272af535efa11210e7e34e67
091,images/portraits/sage/satono_nishida.png,113082,d15f10dbdd2208ac7804aed2a60f8fecb493ae88e4ab12f3e1db1da9660ae604
092,images/portraits/sage/mai_teireida.png,88929,e320f9467863c91600abfa7934a8afc58eb1c23de9e3d3a4de3bf513a865d373
093,images/portraits/palace_of_earth_spirits/yuugi_hoshiguma.png,629614,d0810cc7476fbe0a5503390a71836ed44d89a5a849e98cf8bb96e9bfa6598cda
094,images/portraits/youkai_mountain/nitori_kawashiro.png,314843,dc956437d3fff8df189b7756f5cb5f63427d73a54fd0178c20bbee7c52ca54ab
095,images/portraits/eientei/tewi_inaba.webp,95638,83f6cca8da383edf3de5416fa0d2f92b857582a63480d2758837a2a0d025694c
096,images/portraits/scarlet_devil_mansion/hong_meiling.png,767334,f7428f07c7880de3fec4e5f94d8d65956f543acc5c1283603b647052667b86ba
